Variable,Coefficient,P-Value
const,0.005862386274762172,0.21439939281703874
inflation,-0.014541082982629402,0.17064713675937615
employment,0.003699150531107939,0.7402792301555607
FedFundsRate,-0.002769277642567277,0.0030664252805312447
