,mean,std,min,max
inflation,0.17280040322580645,0.17912347324263156,0.0,1.0
employment,0.21429435483870965,0.16845558131792096,0.0,0.769
other,0.6128951612903225,0.2361152969019268,0.0,1.0
