Variable,Coefficient,P-Value
const,4.663962608519033,0.3043038225129653
inflation,-4.672518207246379,0.3034065335644859
employment,-4.654040357110044,0.30529678641516605
other,-4.658164016248384,0.3049113607573172
FedFundsRate,-0.0028015588154617285,0.002756106852828017
